datetime,hour,day,month,day_of_week,day_of_year,week_of_year,is_weekend,is_holiday,time_of_day_night,time_of_day_morning,time_of_day_afternoon,time_of_day_evening,hour_sin,hour_cos,day_of_week_sin,day_of_week_cos,month_sin,month_cos,outdoor_temperature,temp_squared,heating_degree,cooling_degree,humidity,wind_speed,cloud_cover,occupancy,energy_lag_1,energy_lag_2,energy_lag_3,energy_lag_6,energy_lag_12,energy_lag_24,rolling_mean_3h,rolling_mean_6h,rolling_mean_12h,rolling_mean_24h,predicted_energy,day_of_week_name
2022-12-31 01:00:00,1,31,12,5,365,52,1,0,True,False,False,False,0.25881904510252074,0.9659258262890683,-0.9749279121818236,-0.2225209339563146,-2.4492935982947064e-16,1.0,13.079616087751372,171.0763570029645,5.420383912248628,0.0,50.28299817184644,3.7221206581352835,38.987477148080444,0.0,43.63,43.63,43.63,43.63,43.63,43.63,45.04666666666666,41.42666666666667,72.79333333333334,102.38208333333334,104.96714153011233,Saturday
2022-12-31 02:00:00,2,31,12,5,365,52,1,0,True,False,False,False,0.49999999999999994,0.8660254037844387,-0.9749279121818236,-0.2225209339563146,-2.4492935982947064e-16,1.0,13.742687385740401,188.86145658218834,4.7573126142595985,0.0,49.97842778793419,4.012065813528336,39.790127970749545,0.0,,,,,,,45.04666666666666,41.42666666666667,72.79333333333334,102.38208333333334,98.61735698828815,Saturday
2022-12-31 03:00:00,3,31,12,5,365,52,1,0,True,False,False,False,0.7071067811865476,0.7071067811865476,-0.9749279121818236,-0.2225209339563146,-2.4492935982947064e-16,1.0,14.388299817184643,207.02317162919564,4.1117001828153565,0.0,50.02687385740402,3.946069469835466,38.764442413162705,0.0,,,,,,,45.04666666666666,41.42666666666667,72.79333333333334,102.38208333333334,106.47688538100692,Saturday
2022-12-31 04:00:00,4,31,12,5,365,52,1,0,True,False,False,False,0.8660254037844386,0.5000000000000001,-0.9749279121818236,-0.2225209339563146,-2.4492935982947064e-16,1.0,15.004570383912249,225.13713240577658,3.495429616087751,0.0,50.05438756855576,3.9853747714808043,39.815904936014626,0.0,,,,,,,45.04666666666666,41.42666666666667,72.79333333333334,102.38208333333334,115.23029856408026,Saturday
2022-12-31 05:00:00,5,31,12,5,365,52,1,0,True,False,False,False,0.9659258262890683,0.25881904510252074,-0.9749279121818236,-0.2225209339563146,-2.4492935982947064e-16,1.0,15.72020109689214,247.12472252672885,2.77979890310786,0.0,49.800274223034734,4.118372943327239,39.42257769652651,0.0,,,,,,,45.04666666666666,41.42666666666667,72.79333333333334,102.38208333333334,97.65846625276664,Saturday
2022-12-31 06:00:00,6,31,12,5,365,52,1,0,True,False,False,False,1.0,6.123233995736766e-17,-0.9749279121818236,-0.2225209339563146,-2.4492935982947064e-16,1.0,16.22038391224863,263.10085426073414,2.2796160877513714,0.0,50.30082266910421,3.9629798903107862,39.37385740402194,0.0,,,,,,,45.04666666666666,41.42666666666667,72.79333333333334,102.38208333333334,97.6586304305082,Saturday
2022-12-31 07:00:00,7,31,12,5,365,52,1,0,False,True,False,False,0.9659258262890683,-0.25881904510252063,-0.9749279121818236,-0.2225209339563146,-2.4492935982947064e-16,1.0,16.94725776965265,287.20954591105215,1.5527422303473486,0.0,50.081901279707495,3.9250457038391224,41.02879341864717,0.0,,,,,,,45.04666666666666,41.42666666666667,72.79333333333334,102.38208333333334,115.79212815507391,Saturday
2022-12-31 08:00:00,8,31,12,5,365,52,1,0,False,True,False,False,0.8660254037844387,-0.4999999999999998,-0.9749279121818236,-0.2225209339563146,-2.4492935982947064e-16,1.0,17.444606946983548,304.31431153474665,1.0553930530164521,0.0,50.00594149908592,3.9997257769652648,40.537202925045705,0.0,,,,,,,45.04666666666666,41.42666666666667,72.79333333333334,102.38208333333334,107.67434729152909,Saturday
2022-12-31 09:00:00,9,31,12,5,365,52,1,0,False,True,False,False,0.7071067811865476,-0.7071067811865475,-0.9749279121818236,-0.2225209339563146,-2.4492935982947064e-16,1.0,18.034826325411334,325.2549605877497,0.4651736745886659,0.0,50.04963436928702,4.090127970749544,39.992504570383915,0.0,,,,,,,45.04666666666666,41.42666666666667,72.79333333333334,102.38208333333334,95.30525614065049,Saturday
2022-12-31 10:00:00,10,31,12,5,365,52,1,0,False,True,False,False,0.49999999999999994,-0.8660254037844387,-0.9749279121818236,-0.2225209339563146,-2.4492935982947064e-16,1.0,18.517641681901278,342.9030534592876,0.0,0.0,49.97312614259598,3.959506398537477,39.907312614259595,0.24867661248001238,,,,,,,45.04666666666666,41.42666666666667,72.79333333333334,102.38208333333334,105.42560043585965,Saturday
2022-12-31 11:00:00,11,31,12,5,365,52,1,0,False,True,False,False,0.258819045102521,-0.9659258262890682,-0.9749279121818236,-0.2225209339563146,-2.4492935982947064e-16,1.0,18.960603290676417,359.5044771464094,0.0,0.0,50.18062157221206,4.049725776965265,40.378427787934186,0.24867661248001238,,,,,,,45.04666666666666,41.42666666666667,72.79333333333334,102.38208333333334,95.36582307187538,Saturday
2022-12-31 12:00:00,12,31,12,5,365,52,1,0,False,True,False,False,1.2246467991473532e-16,-1.0,-0.9749279121818236,-0.2225209339563146,-2.4492935982947064e-16,1.0,19.478610603290676,379.4162710346279,0.0,0.0,49.688117001828154,4.032998171846436,39.38391224862888,0.24867661248001238,,,,,,,45.04666666666666,41.42666666666667,72.79333333333334,102.38208333333334,95.34270246429743,Saturday
2022-12-31 13:00:00,13,31,12,5,365,52,1,0,False,False,True,False,-0.2588190451025208,-0.9659258262890683,-0.9749279121818236,-0.2225209339563146,-2.4492935982947064e-16,1.0,19.641407678244974,385.7848955830206,0.0,0.0,50.01563071297989,4.16563071297989,39.48674588665448,0.24867661248001238,,,,,,,45.04666666666666,41.42666666666667,72.79333333333334,102.38208333333334,102.41962271566034,Saturday
2022-12-31 14:00:00,14,31,12,5,365,52,1,0,False,False,True,False,-0.4999999999999997,-0.8660254037844388,-0.9749279121818236,-0.2225209339563146,-2.4492935982947064e-16,1.0,19.821023765996344,392.8729831321919,0.0,0.0,49.84515539305301,3.969744058500914,39.92175502742231,0.24867661248001238,,,,,,,45.04666666666666,41.42666666666667,72.79333333333334,102.38208333333334,80.86719755342202,Saturday
2022-12-31 15:00:00,15,31,12,5,365,52,1,0,False,False,True,False,-0.7071067811865471,-0.7071067811865479,-0.9749279121818236,-0.2225209339563146,-2.4492935982947064e-16,1.0,19.940310786106032,397.61599424649654,0.0,0.0,50.10530164533821,3.9611517367458866,40.00338208409506,0.24867661248001238,,,,,,,45.04666666666666,41.42666666666667,72.79333333333334,102.38208333333334,82.75082167486967,Saturday
2022-12-31 16:00:00,16,31,12,5,365,52,1,0,False,False,True,False,-0.8660254037844385,-0.5000000000000004,-0.9749279121818236,-0.2225209339563146,-2.4492935982947064e-16,1.0,20.030255941499085,401.2111530819594,0.0,0.0,49.85319926873858,3.913345521023766,38.209597806215726,0.0,,,,,,,45.04666666666666,41.42666666666667,72.79333333333334,102.38208333333334,94.37712470759027,Saturday
2022-12-31 17:00:00,17,31,12,5,365,52,1,0,False,False,True,False,-0.9659258262890683,-0.25881904510252063,-0.9749279121818236,-0.2225209339563146,-2.4492935982947064e-16,1.0,19.974405850091408,398.97688906416585,0.0,0.0,50.245612431444236,4.0772394881170015,40.199908592321755,0.0,,,,,,,45.04666666666666,41.42666666666667,72.79333333333334,102.38208333333334,89.87168879665576,Saturday
2022-12-31 18:00:00,18,31,12,5,365,52,1,0,False,False,True,False,-1.0,-1.8369701987210297e-16,-0.9749279121818236,-0.2225209339563146,-2.4492935982947064e-16,1.0,19.774954296160878,391.04881741525156,0.0,0.0,49.96782449725777,4.021115173674589,40.17230347349177,0.0,,,,,,,45.04666666666666,41.42666666666667,72.79333333333334,102.38208333333334,103.14247332595274,Saturday
2022-12-31 19:00:00,19,31,12,5,365,52,1,0,False,False,False,True,-0.9659258262890684,0.2588190451025203,-0.9749279121818236,-0.2225209339563146,-2.4492935982947064e-16,1.0,19.708592321755027,388.4286113051412,0.0,0.0,50.03711151736746,3.996069469835466,39.58336380255941,0.0,,,,,,,45.04666666666666,41.42666666666667,72.79333333333334,102.38208333333334,90.91975924478788,Saturday
2022-12-31 20:00:00,20,31,12,5,365,52,1,0,False,False,False,True,-0.8660254037844386,0.5000000000000001,-0.9749279121818236,-0.2225209339563146,-2.4492935982947064e-16,1.0,19.40585009140768,376.5870177701874,0.0,0.0,50.13016453382084,4.009963436928702,39.172394881170014,0.0,,,,,,,45.04666666666666,41.42666666666667,72.79333333333334,102.38208333333334,85.87696298664709,Saturday
2022-12-31 21:00:00,21,31,12,5,365,52,1,0,False,False,False,True,-0.7071067811865477,0.7071067811865474,-0.9749279121818236,-0.2225209339563146,-2.4492935982947064e-16,1.0,18.90255941499086,357.30675243725966,0.0,0.0,50.166270566727604,4.047440585009141,39.732541133455214,0.0,,,,,,,45.04666666666666,41.42666666666667,72.79333333333334,102.38208333333334,114.65648768921554,Saturday
2022-12-31 22:00:00,22,31,12,5,365,52,1,0,False,False,False,True,-0.5000000000000004,0.8660254037844384,-0.9749279121818236,-0.2225209339563146,-2.4492935982947064e-16,1.0,18.615904936014626,346.55191658673374,0.0,0.0,50.0827239488117,3.9554844606946986,40.726599634369286,0.0,,,,,,,45.04666666666666,41.42666666666667,72.79333333333334,102.38208333333334,97.74223699513465,Saturday
2022-12-31 23:00:00,23,31,12,5,365,52,1,0,False,False,False,True,-0.25881904510252157,0.9659258262890681,-0.9749279121818236,-0.2225209339563146,-2.4492935982947064e-16,1.0,18.059323583180987,326.13916828203696,0.44067641681901293,0.0,50.14689213893967,4.08034734917733,39.4900365630713,0.0,,,,,,,45.04666666666666,41.42666666666667,72.79333333333334,102.38208333333334,100.67528204687923,Saturday
2023-01-01 00:00:00,0,1,1,6,1,52,1,1,True,False,False,False,0.0,1.0,-0.7818314824680299,0.6234898018587334,0.49999999999999994,0.8660254037844387,12.581826484018265,158.30235767394342,5.918173515981735,0.0,49.687031963470325,3.975433789954338,39.67607305936073,0.0,,,,,,,45.04666666666666,41.42666666666667,72.79333333333334,102.38208333333334,85.75251813786544,Sunday
2023-01-01 01:00:00,1,1,1,6,1,52,1,1,True,False,False,False,0.25881904510252074,0.9659258262890683,-0.7818314824680299,0.6234898018587334,0.49999999999999994,0.8660254037844387,13.079616087751372,171.0763570029645,5.420383912248628,0.0,50.28299817184644,3.7221206581352835,38.987477148080444,0.0,,,,,,,45.04666666666666,41.42666666666667,72.79333333333334,102.38208333333334,94.55617275474818,Sunday
2023-01-01 02:00:00,2,1,1,6,1,52,1,1,True,False,False,False,0.49999999999999994,0.8660254037844387,-0.7818314824680299,0.6234898018587334,0.49999999999999994,0.8660254037844387,13.742687385740401,188.86145658218834,4.7573126142595985,0.0,49.97842778793419,4.012065813528336,39.790127970749545,0.0,,,,,,,45.04666666666666,41.42666666666667,72.79333333333334,102.38208333333334,101.10922589709867,Sunday
2023-01-01 03:00:00,3,1,1,6,1,52,1,1,True,False,False,False,0.7071067811865476,0.7071067811865476,-0.7818314824680299,0.6234898018587334,0.49999999999999994,0.8660254037844387,14.388299817184643,207.02317162919564,4.1117001828153565,0.0,50.02687385740402,3.946069469835466,38.764442413162705,0.0,,,,,,,45.04666666666666,41.42666666666667,72.79333333333334,102.38208333333334,88.49006422577698,Sunday
2023-01-01 04:00:00,4,1,1,6,1,52,1,1,True,False,False,False,0.8660254037844386,0.5000000000000001,-0.7818314824680299,0.6234898018587334,0.49999999999999994,0.8660254037844387,15.004570383912249,225.13713240577658,3.495429616087751,0.0,50.05438756855576,3.9853747714808043,39.815904936014626,0.0,,,,,,,45.04666666666666,41.42666666666667,72.79333333333334,102.38208333333334,103.75698018345672,Sunday
2023-01-01 05:00:00,5,1,1,6,1,52,1,1,True,False,False,False,0.9659258262890683,0.25881904510252074,-0.7818314824680299,0.6234898018587334,0.49999999999999994,0.8660254037844387,15.72020109689214,247.12472252672885,2.77979890310786,0.0,49.800274223034734,4.118372943327239,39.42257769652651,0.0,,,,,,,45.04666666666666,41.42666666666667,72.79333333333334,102.38208333333334,93.99361310081196,Sunday
2023-01-01 06:00:00,6,1,1,6,1,52,1,1,True,False,False,False,1.0,6.123233995736766e-17,-0.7818314824680299,0.6234898018587334,0.49999999999999994,0.8660254037844387,16.22038391224863,263.10085426073414,2.2796160877513714,0.0,50.30082266910421,3.9629798903107862,39.37385740402194,0.0,,,,,,,45.04666666666666,41.42666666666667,72.79333333333334,102.38208333333334,97.08306250206724,Sunday
2023-01-01 07:00:00,7,1,1,6,1,52,1,1,False,True,False,False,0.9659258262890683,-0.25881904510252063,-0.7818314824680299,0.6234898018587334,0.49999999999999994,0.8660254037844387,16.94725776965265,287.20954591105215,1.5527422303473486,0.0,50.081901279707495,3.9250457038391224,41.02879341864717,0.0,,,,,,,45.04666666666666,41.42666666666667,72.79333333333334,102.38208333333334,93.98293387770603,Sunday
2023-01-01 08:00:00,8,1,1,6,1,52,1,1,False,True,False,False,0.8660254037844387,-0.4999999999999998,-0.7818314824680299,0.6234898018587334,0.49999999999999994,0.8660254037844387,17.444606946983548,304.31431153474665,1.0553930530164521,0.0,50.00594149908592,3.9997257769652648,40.537202925045705,0.0,,,,,,,45.04666666666666,41.42666666666667,72.79333333333334,102.38208333333334,118.52278184508938,Sunday
2023-01-01 09:00:00,9,1,1,6,1,52,1,1,False,True,False,False,0.7071067811865476,-0.7071067811865475,-0.7818314824680299,0.6234898018587334,0.49999999999999994,0.8660254037844387,18.034826325411334,325.2549605877497,0.4651736745886659,0.0,50.04963436928702,4.090127970749544,39.992504570383915,0.0,,,,,,,45.04666666666666,41.42666666666667,72.79333333333334,102.38208333333334,99.86502775262066,Sunday
2023-01-01 10:00:00,10,1,1,6,1,52,1,1,False,True,False,False,0.49999999999999994,-0.8660254037844387,-0.7818314824680299,0.6234898018587334,0.49999999999999994,0.8660254037844387,18.517641681901278,342.9030534592876,0.0,0.0,49.97312614259598,3.959506398537477,39.907312614259595,0.24867661248001238,,,,,,,45.04666666666666,41.42666666666667,72.79333333333334,102.38208333333334,89.422890710441,Sunday
2023-01-01 11:00:00,11,1,1,6,1,52,1,1,False,True,False,False,0.258819045102521,-0.9659258262890682,-0.7818314824680299,0.6234898018587334,0.49999999999999994,0.8660254037844387,18.960603290676417,359.5044771464094,0.0,0.0,50.18062157221206,4.049725776965265,40.378427787934186,0.24867661248001238,,,,,,,45.04666666666666,41.42666666666667,72.79333333333334,102.38208333333334,108.22544912103189,Sunday
2023-01-01 12:00:00,12,1,1,6,1,52,1,1,False,True,False,False,1.2246467991473532e-16,-1.0,-0.7818314824680299,0.6234898018587334,0.49999999999999994,0.8660254037844387,19.478610603290676,379.4162710346279,0.0,0.0,49.688117001828154,4.032998171846436,39.38391224862888,0.24867661248001238,,,,,,,45.04666666666666,41.42666666666667,72.79333333333334,102.38208333333334,87.79156350028978,Sunday
2023-01-01 13:00:00,13,1,1,6,1,52,1,1,False,False,True,False,-0.2588190451025208,-0.9659258262890683,-0.7818314824680299,0.6234898018587334,0.49999999999999994,0.8660254037844387,19.641407678244974,385.7848955830206,0.0,0.0,50.01563071297989,4.16563071297989,39.48674588665448,0.24867661248001238,,,,,,,45.04666666666666,41.42666666666667,72.79333333333334,102.38208333333334,102.08863595004756,Sunday
2023-01-01 14:00:00,14,1,1,6,1,52,1,1,False,False,True,False,-0.4999999999999997,-0.8660254037844388,-0.7818314824680299,0.6234898018587334,0.49999999999999994,0.8660254037844387,19.821023765996344,392.8729831321919,0.0,0.0,49.84515539305301,3.969744058500914,39.92175502742231,0.24867661248001238,,,,,,,45.04666666666666,41.42666666666667,72.79333333333334,102.38208333333334,80.40329876120225,Sunday
2023-01-01 15:00:00,15,1,1,6,1,52,1,1,False,False,True,False,-0.7071067811865471,-0.7071067811865479,-0.7818314824680299,0.6234898018587334,0.49999999999999994,0.8660254037844387,19.940310786106032,397.61599424649654,0.0,0.0,50.10530164533821,3.9611517367458866,40.00338208409506,0.24867661248001238,,,,,,,45.04666666666666,41.42666666666667,72.79333333333334,102.38208333333334,86.71813951101569,Sunday
2023-01-01 16:00:00,16,1,1,6,1,52,1,1,False,False,True,False,-0.8660254037844385,-0.5000000000000004,-0.7818314824680299,0.6234898018587334,0.49999999999999994,0.8660254037844387,20.030255941499085,401.2111530819594,0.0,0.0,49.85319926873858,3.913345521023766,38.209597806215726,0.0,,,,,,,45.04666666666666,41.42666666666667,72.79333333333334,102.38208333333334,101.96861235869123,Sunday
2023-01-01 17:00:00,17,1,1,6,1,52,1,1,False,False,True,False,-0.9659258262890683,-0.25881904510252063,-0.7818314824680299,0.6234898018587334,0.49999999999999994,0.8660254037844387,19.974405850091408,398.97688906416585,0.0,0.0,50.245612431444236,4.0772394881170015,40.199908592321755,0.0,,,,,,,45.04666666666666,41.42666666666667,72.79333333333334,102.38208333333334,107.3846657999541,Sunday
2023-01-01 18:00:00,18,1,1,6,1,52,1,1,False,False,True,False,-1.0,-1.8369701987210297e-16,-0.7818314824680299,0.6234898018587334,0.49999999999999994,0.8660254037844387,19.774954296160878,391.04881741525156,0.0,0.0,49.96782449725777,4.021115173674589,40.17230347349177,0.0,,,,,,,45.04666666666666,41.42666666666667,72.79333333333334,102.38208333333334,101.7136828118997,Sunday
2023-01-01 19:00:00,19,1,1,6,1,52,1,1,False,False,False,True,-0.9659258262890684,0.2588190451025203,-0.7818314824680299,0.6234898018587334,0.49999999999999994,0.8660254037844387,19.708592321755027,388.4286113051412,0.0,0.0,50.03711151736746,3.996069469835466,39.58336380255941,0.0,,,,,,,45.04666666666666,41.42666666666667,72.79333333333334,102.38208333333334,98.8435171761176,Sunday
2023-01-01 20:00:00,20,1,1,6,1,52,1,1,False,False,False,True,-0.8660254037844386,0.5000000000000001,-0.7818314824680299,0.6234898018587334,0.49999999999999994,0.8660254037844387,19.40585009140768,376.5870177701874,0.0,0.0,50.13016453382084,4.009963436928702,39.172394881170014,0.0,,,,,,,45.04666666666666,41.42666666666667,72.79333333333334,102.38208333333334,96.98896304410711,Sunday
2023-01-01 21:00:00,21,1,1,6,1,52,1,1,False,False,False,True,-0.7071067811865477,0.7071067811865474,-0.7818314824680299,0.6234898018587334,0.49999999999999994,0.8660254037844387,18.90255941499086,357.30675243725966,0.0,0.0,50.166270566727604,4.047440585009141,39.732541133455214,0.0,,,,,,,45.04666666666666,41.42666666666667,72.79333333333334,102.38208333333334,85.21478009632573,Sunday
2023-01-01 22:00:00,22,1,1,6,1,52,1,1,False,False,False,True,-0.5000000000000004,0.8660254037844384,-0.7818314824680299,0.6234898018587334,0.49999999999999994,0.8660254037844387,18.615904936014626,346.55191658673374,0.0,0.0,50.0827239488117,3.9554844606946986,40.726599634369286,0.0,,,,,,,45.04666666666666,41.42666666666667,72.79333333333334,102.38208333333334,92.80155791605291,Sunday
2023-01-01 23:00:00,23,1,1,6,1,52,1,1,False,False,False,True,-0.25881904510252157,0.9659258262890681,-0.7818314824680299,0.6234898018587334,0.49999999999999994,0.8660254037844387,18.059323583180987,326.13916828203696,0.44067641681901293,0.0,50.14689213893967,4.08034734917733,39.4900365630713,0.0,,,,,,,45.04666666666666,41.42666666666667,72.79333333333334,102.38208333333334,95.39361229040213,Sunday
2023-01-02 00:00:00,0,2,1,0,2,1,0,0,True,False,False,False,0.0,1.0,0.0,1.0,0.49999999999999994,0.8660254037844387,12.581826484018265,158.30235767394342,5.918173515981735,0.0,49.687031963470325,3.975433789954338,39.67607305936073,0.0,,,,,,,45.04666666666666,41.42666666666667,72.79333333333334,102.38208333333334,110.57122226218915,Monday
2023-01-02 01:00:00,1,2,1,0,2,1,0,0,True,False,False,False,0.25881904510252074,0.9659258262890683,0.0,1.0,0.49999999999999994,0.8660254037844387,13.079616087751372,171.0763570029645,5.420383912248628,0.0,50.28299817184644,3.7221206581352835,38.987477148080444,0.0,,,,,,,45.04666666666666,41.42666666666667,72.79333333333334,102.38208333333334,103.43618289568461,Monday
2023-01-02 02:00:00,2,2,1,0,2,1,0,0,True,False,False,False,0.49999999999999994,0.8660254037844387,0.0,1.0,0.49999999999999994,0.8660254037844387,13.742687385740401,188.86145658218834,4.7573126142595985,0.0,49.97842778793419,4.012065813528336,39.790127970749545,0.0,,,,,,,45.04666666666666,41.42666666666667,72.79333333333334,102.38208333333334,82.36959844637266,Monday
2023-01-02 03:00:00,3,2,1,0,2,1,0,0,True,False,False,False,0.7071067811865476,0.7071067811865476,0.0,1.0,0.49999999999999994,0.8660254037844387,14.388299817184643,207.02317162919564,4.1117001828153565,0.0,50.02687385740402,3.946069469835466,38.764442413162705,0.0,,,,,,,45.04666666666666,41.42666666666667,72.79333333333334,102.38208333333334,103.24083969394795,Monday
2023-01-02 04:00:00,4,2,1,0,2,1,0,0,True,False,False,False,0.8660254037844386,0.5000000000000001,0.0,1.0,0.49999999999999994,0.8660254037844387,15.004570383912249,225.13713240577658,3.495429616087751,0.0,50.05438756855576,3.9853747714808043,39.815904936014626,0.0,,,,,,,45.04666666666666,41.42666666666667,72.79333333333334,102.38208333333334,96.14917719583684,Monday
2023-01-02 05:00:00,5,2,1,0,2,1,0,0,True,False,False,False,0.9659258262890683,0.25881904510252074,0.0,1.0,0.49999999999999994,0.8660254037844387,15.72020109689214,247.12472252672885,2.77979890310786,0.0,49.800274223034734,4.118372943327239,39.42257769652651,0.0,,,,,,,45.04666666666666,41.42666666666667,72.79333333333334,102.38208333333334,93.23077999694041,Monday
2023-01-02 06:00:00,6,2,1,0,2,1,0,0,True,False,False,False,1.0,6.123233995736766e-17,0.0,1.0,0.49999999999999994,0.8660254037844387,16.22038391224863,263.10085426073414,2.2796160877513714,0.0,50.30082266910421,3.9629798903107862,39.37385740402194,0.0,,,,,,,45.04666666666666,41.42666666666667,72.79333333333334,102.38208333333334,106.11676288840867,Monday
2023-01-02 07:00:00,7,2,1,0,2,1,0,0,False,True,False,False,0.9659258262890683,-0.25881904510252063,0.0,1.0,0.49999999999999994,0.8660254037844387,16.94725776965265,287.20954591105215,1.5527422303473486,0.0,50.081901279707495,3.9250457038391224,41.02879341864717,0.8048389205922587,,,,,,,45.04666666666666,41.42666666666667,72.79333333333334,102.38208333333334,110.30999522495951,Monday
2023-01-02 08:00:00,8,2,1,0,2,1,0,0,False,True,False,False,0.8660254037844387,-0.4999999999999998,0.0,1.0,0.49999999999999994,0.8660254037844387,17.444606946983548,304.31431153474665,1.0553930530164521,0.0,50.00594149908592,3.9997257769652648,40.537202925045705,0.8048389205922587,,,,,,,45.04666666666666,41.42666666666667,72.79333333333334,102.38208333333334,109.31280119116198,Monday
2023-01-02 09:00:00,9,2,1,0,2,1,0,0,False,True,False,False,0.7071067811865476,-0.7071067811865475,0.0,1.0,0.49999999999999994,0.8660254037844387,18.034826325411334,325.2549605877497,0.4651736745886659,0.0,50.04963436928702,4.090127970749544,39.992504570383915,0.8048389205922587,,,,,,,45.04666666666666,41.42666666666667,72.79333333333334,102.38208333333334,91.60782476777362,Monday
2023-01-02 10:00:00,10,2,1,0,2,1,0,0,False,True,False,False,0.49999999999999994,-0.8660254037844387,0.0,1.0,0.49999999999999994,0.8660254037844387,18.517641681901278,342.9030534592876,0.0,0.0,49.97312614259598,3.959506398537477,39.907312614259595,0.9451161111430848,,,,,,,45.04666666666666,41.42666666666667,72.79333333333334,102.38208333333334,96.90787624148786,Monday
2023-01-02 11:00:00,11,2,1,0,2,1,0,0,False,True,False,False,0.258819045102521,-0.9659258262890682,0.0,1.0,0.49999999999999994,0.8660254037844387,18.960603290676417,359.5044771464094,0.0,0.0,50.18062157221206,4.049725776965265,40.378427787934186,0.9451161111430848,,,,,,,45.04666666666666,41.42666666666667,72.79333333333334,102.38208333333334,103.31263431403563,Monday
2023-01-02 12:00:00,12,2,1,0,2,1,0,0,False,True,False,False,1.2246467991473532e-16,-1.0,0.0,1.0,0.49999999999999994,0.8660254037844387,19.478610603290676,379.4162710346279,0.0,0.0,49.688117001828154,4.032998171846436,39.38391224862888,0.9451161111430848,,,,,,,45.04666666666666,41.42666666666667,72.79333333333334,102.38208333333334,109.75545127122359,Monday
2023-01-02 13:00:00,13,2,1,0,2,1,0,0,False,False,True,False,-0.2588190451025208,-0.9659258262890683,0.0,1.0,0.49999999999999994,0.8660254037844387,19.641407678244974,385.7848955830206,0.0,0.0,50.01563071297989,4.16563071297989,39.48674588665448,0.9451161111430848,,,,,,,45.04666666666666,41.42666666666667,72.79333333333334,102.38208333333334,95.2082576215471,Monday
2023-01-02 14:00:00,14,2,1,0,2,1,0,0,False,False,True,False,-0.4999999999999997,-0.8660254037844388,0.0,1.0,0.49999999999999994,0.8660254037844387,19.821023765996344,392.8729831321919,0.0,0.0,49.84515539305301,3.969744058500914,39.92175502742231,0.9451161111430848,,,,,,,45.04666666666666,41.42666666666667,72.79333333333334,102.38208333333334,98.14341023336183,Monday
2023-01-02 15:00:00,15,2,1,0,2,1,0,0,False,False,True,False,-0.7071067811865471,-0.7071067811865479,0.0,1.0,0.49999999999999994,0.8660254037844387,19.940310786106032,397.61599424649654,0.0,0.0,50.10530164533821,3.9611517367458866,40.00338208409506,0.9451161111430848,,,,,,,45.04666666666666,41.42666666666667,72.79333333333334,102.38208333333334,88.93665025993971,Monday
2023-01-02 16:00:00,16,2,1,0,2,1,0,0,False,False,True,False,-0.8660254037844385,-0.5000000000000004,0.0,1.0,0.49999999999999994,0.8660254037844387,20.030255941499085,401.2111530819594,0.0,0.0,49.85319926873858,3.913345521023766,38.209597806215726,0.9451161111430848,,,,,,,45.04666666666666,41.42666666666667,72.79333333333334,102.38208333333334,88.0379337591933,Monday
2023-01-02 17:00:00,17,2,1,0,2,1,0,0,False,False,True,False,-0.9659258262890683,-0.25881904510252063,0.0,1.0,0.49999999999999994,0.8660254037844387,19.974405850091408,398.97688906416585,0.0,0.0,50.245612431444236,4.0772394881170015,40.199908592321755,0.5743140543734547,,,,,,,45.04666666666666,41.42666666666667,72.79333333333334,102.38208333333334,108.12525822394198,Monday
2023-01-02 18:00:00,18,2,1,0,2,1,0,0,False,False,True,False,-1.0,-1.8369701987210297e-16,0.0,1.0,0.49999999999999994,0.8660254037844387,19.774954296160878,391.04881741525156,0.0,0.0,49.96782449725777,4.021115173674589,40.17230347349177,0.5743140543734547,,,,,,,45.04666666666666,41.42666666666667,72.79333333333334,102.38208333333334,113.56240028570824,Monday
2023-01-02 19:00:00,19,2,1,0,2,1,0,0,False,False,False,True,-0.9659258262890684,0.2588190451025203,0.0,1.0,0.49999999999999994,0.8660254037844387,19.708592321755027,388.4286113051412,0.0,0.0,50.03711151736746,3.996069469835466,39.58336380255941,0.5743140543734547,,,,,,,45.04666666666666,41.42666666666667,72.79333333333334,102.38208333333334,99.27989878419666,Monday
2023-01-02 20:00:00,20,2,1,0,2,1,0,0,False,False,False,True,-0.8660254037844386,0.5000000000000001,0.0,1.0,0.49999999999999994,0.8660254037844387,19.40585009140768,376.5870177701874,0.0,0.0,50.13016453382084,4.009963436928702,39.172394881170014,0.0,,,,,,,45.04666666666666,41.42666666666667,72.79333333333334,102.38208333333334,110.03532897892023,Monday
2023-01-02 21:00:00,21,2,1,0,2,1,0,0,False,False,False,True,-0.7071067811865477,0.7071067811865474,0.0,1.0,0.49999999999999994,0.8660254037844387,18.90255941499086,357.30675243725966,0.0,0.0,50.166270566727604,4.047440585009141,39.732541133455214,0.0,,,,,,,45.04666666666666,41.42666666666667,72.79333333333334,102.38208333333334,103.61636025047635,Monday
2023-01-02 22:00:00,22,2,1,0,2,1,0,0,False,False,False,True,-0.5000000000000004,0.8660254037844384,0.0,1.0,0.49999999999999994,0.8660254037844387,18.615904936014626,346.55191658673374,0.0,0.0,50.0827239488117,3.9554844606946986,40.726599634369286,0.0,,,,,,,45.04666666666666,41.42666666666667,72.79333333333334,102.38208333333334,93.54880245394875,Monday
2023-01-02 23:00:00,23,2,1,0,2,1,0,0,False,False,False,True,-0.25881904510252157,0.9659258262890681,0.0,1.0,0.49999999999999994,0.8660254037844387,18.059323583180987,326.13916828203696,0.44067641681901293,0.0,50.14689213893967,4.08034734917733,39.4900365630713,0.0,,,,,,,45.04666666666666,41.42666666666667,72.79333333333334,102.38208333333334,103.61395605508415,Monday
2023-01-03 00:00:00,0,3,1,1,3,1,0,0,True,False,False,False,0.0,1.0,0.7818314824680298,0.6234898018587336,0.49999999999999994,0.8660254037844387,12.581826484018265,158.30235767394342,5.918173515981735,0.0,49.687031963470325,3.975433789954338,39.67607305936073,0.0,,,,,,,45.04666666666666,41.42666666666667,72.79333333333334,102.38208333333334,115.38036566465969,Tuesday
2023-01-03 01:00:00,1,3,1,1,3,1,0,0,True,False,False,False,0.25881904510252074,0.9659258262890683,0.7818314824680298,0.6234898018587336,0.49999999999999994,0.8660254037844387,13.079616087751372,171.0763570029645,5.420383912248628,0.0,50.28299817184644,3.7221206581352835,38.987477148080444,0.0,,,,,,,45.04666666666666,41.42666666666667,72.79333333333334,102.38208333333334,99.64173960890048,Tuesday
2023-01-03 02:00:00,2,3,1,1,3,1,0,0,True,False,False,False,0.49999999999999994,0.8660254037844387,0.7818314824680298,0.6234898018587336,0.49999999999999994,0.8660254037844387,13.742687385740401,188.86145658218834,4.7573126142595985,0.0,49.97842778793419,4.012065813528336,39.790127970749545,0.0,,,,,,,45.04666666666666,41.42666666666667,72.79333333333334,102.38208333333334,115.64643655814007,Tuesday
2023-01-03 03:00:00,3,3,1,1,3,1,0,0,True,False,False,False,0.7071067811865476,0.7071067811865476,0.7818314824680298,0.6234898018587336,0.49999999999999994,0.8660254037844387,14.388299817184643,207.02317162919564,4.1117001828153565,0.0,50.02687385740402,3.946069469835466,38.764442413162705,0.0,,,,,,,45.04666666666666,41.42666666666667,72.79333333333334,102.38208333333334,73.80254895910255,Tuesday
2023-01-03 04:00:00,4,3,1,1,3,1,0,0,True,False,False,False,0.8660254037844386,0.5000000000000001,0.7818314824680298,0.6234898018587336,0.49999999999999994,0.8660254037844387,15.004570383912249,225.13713240577658,3.495429616087751,0.0,50.05438756855576,3.9853747714808043,39.815904936014626,0.0,,,,,,,45.04666666666666,41.42666666666667,72.79333333333334,102.38208333333334,108.21902504375224,Tuesday
2023-01-03 05:00:00,5,3,1,1,3,1,0,0,True,False,False,False,0.9659258262890683,0.25881904510252074,0.7818314824680298,0.6234898018587336,0.49999999999999994,0.8660254037844387,15.72020109689214,247.12472252672885,2.77979890310786,0.0,49.800274223034734,4.118372943327239,39.42257769652651,0.0,,,,,,,45.04666666666666,41.42666666666667,72.79333333333334,102.38208333333334,100.87047068238171,Tuesday
2023-01-03 06:00:00,6,3,1,1,3,1,0,0,True,False,False,False,1.0,6.123233995736766e-17,0.7818314824680298,0.6234898018587336,0.49999999999999994,0.8660254037844387,16.22038391224863,263.10085426073414,2.2796160877513714,0.0,50.30082266910421,3.9629798903107862,39.37385740402194,0.0,,,,,,,45.04666666666666,41.42666666666667,72.79333333333334,102.38208333333334,97.00992649534132,Tuesday
2023-01-03 07:00:00,7,3,1,1,3,1,0,0,False,True,False,False,0.9659258262890683,-0.25881904510252063,0.7818314824680298,0.6234898018587336,0.49999999999999994,0.8660254037844387,16.94725776965265,287.20954591105215,1.5527422303473486,0.0,50.081901279707495,3.9250457038391224,41.02879341864717,0.8048389205922587,,,,,,,45.04666666666666,41.42666666666667,72.79333333333334,102.38208333333334,100.91760776535503,Tuesday
2023-01-03 08:00:00,8,3,1,1,3,1,0,0,False,True,False,False,0.8660254037844387,-0.4999999999999998,0.7818314824680298,0.6234898018587336,0.49999999999999994,0.8660254037844387,17.444606946983548,304.31431153474665,1.0553930530164521,0.0,50.00594149908592,3.9997257769652648,40.537202925045705,0.8048389205922587,,,,,,,45.04666666666666,41.42666666666667,72.79333333333334,102.38208333333334,80.12431085399108,Tuesday
2023-01-03 09:00:00,9,3,1,1,3,1,0,0,False,True,False,False,0.7071067811865476,-0.7071067811865475,0.7818314824680298,0.6234898018587336,0.49999999999999994,0.8660254037844387,18.034826325411334,325.2549605877497,0.4651736745886659,0.0,50.04963436928702,4.090127970749544,39.992504570383915,0.8048389205922587,,,,,,,45.04666666666666,41.42666666666667,72.79333333333334,102.38208333333334,97.80328112162488,Tuesday
2023-01-03 10:00:00,10,3,1,1,3,1,0,0,False,True,False,False,0.49999999999999994,-0.8660254037844387,0.7818314824680298,0.6234898018587336,0.49999999999999994,0.8660254037844387,18.517641681901278,342.9030534592876,0.0,0.0,49.97312614259598,3.959506398537477,39.907312614259595,0.9451161111430848,,,,,,,45.04666666666666,41.42666666666667,72.79333333333334,102.38208333333334,103.57112571511746,Tuesday
2023-01-03 11:00:00,11,3,1,1,3,1,0,0,False,True,False,False,0.258819045102521,-0.9659258262890682,0.7818314824680298,0.6234898018587336,0.49999999999999994,0.8660254037844387,18.960603290676417,359.5044771464094,0.0,0.0,50.18062157221206,4.049725776965265,40.378427787934186,0.9451161111430848,,,,,,,45.04666666666666,41.42666666666667,72.79333333333334,102.38208333333334,114.77894044741517,Tuesday
2023-01-03 12:00:00,12,3,1,1,3,1,0,0,False,True,False,False,1.2246467991473532e-16,-1.0,0.7818314824680298,0.6234898018587336,0.49999999999999994,0.8660254037844387,19.478610603290676,379.4162710346279,0.0,0.0,49.688117001828154,4.032998171846436,39.38391224862888,0.9451161111430848,,,,,,,45.04666666666666,41.42666666666667,72.79333333333334,102.38208333333334,94.81729781726352,Tuesday
2023-01-03 13:00:00,13,3,1,1,3,1,0,0,False,False,True,False,-0.2588190451025208,-0.9659258262890683,0.7818314824680298,0.6234898018587336,0.49999999999999994,0.8660254037844387,19.641407678244974,385.7848955830206,0.0,0.0,50.01563071297989,4.16563071297989,39.48674588665448,0.9451161111430848,,,,,,,45.04666666666666,41.42666666666667,72.79333333333334,102.38208333333334,91.91506397106812,Tuesday
2023-01-03 14:00:00,14,3,1,1,3,1,0,0,False,False,True,False,-0.4999999999999997,-0.8660254037844388,0.7818314824680298,0.6234898018587336,0.49999999999999994,0.8660254037844387,19.821023765996344,392.8729831321919,0.0,0.0,49.84515539305301,3.969744058500914,39.92175502742231,0.9451161111430848,,,,,,,45.04666666666666,41.42666666666667,72.79333333333334,102.38208333333334,94.98242956415463,Tuesday
2023-01-03 15:00:00,15,3,1,1,3,1,0,0,False,False,True,False,-0.7071067811865471,-0.7071067811865479,0.7818314824680298,0.6234898018587336,0.49999999999999994,0.8660254037844387,19.940310786106032,397.61599424649654,0.0,0.0,50.10530164533821,3.9611517367458866,40.00338208409506,0.9451161111430848,,,,,,,45.04666666666666,41.42666666666667,72.79333333333334,102.38208333333334,109.15402117702074,Tuesday
2023-01-03 16:00:00,16,3,1,1,3,1,0,0,False,False,True,False,-0.8660254037844385,-0.5000000000000004,0.7818314824680298,0.6234898018587336,0.49999999999999994,0.8660254037844387,20.030255941499085,401.2111530819594,0.0,0.0,49.85319926873858,3.913345521023766,38.209597806215726,0.9451161111430848,,,,,,,45.04666666666666,41.42666666666667,72.79333333333334,102.38208333333334,103.28751109659684,Tuesday
2023-01-03 17:00:00,17,3,1,1,3,1,0,0,False,False,True,False,-0.9659258262890683,-0.25881904510252063,0.7818314824680298,0.6234898018587336,0.49999999999999994,0.8660254037844387,19.974405850091408,398.97688906416585,0.0,0.0,50.245612431444236,4.0772394881170015,40.199908592321755,0.5743140543734547,,,,,,,45.04666666666666,41.42666666666667,72.79333333333334,102.38208333333334,94.70239796232961,Tuesday
2023-01-03 18:00:00,18,3,1,1,3,1,0,0,False,False,True,False,-1.0,-1.8369701987210297e-16,0.7818314824680298,0.6234898018587336,0.49999999999999994,0.8660254037844387,19.774954296160878,391.04881741525156,0.0,0.0,49.96782449725777,4.021115173674589,40.17230347349177,0.5743140543734547,,,,,,,45.04666666666666,41.42666666666667,72.79333333333334,102.38208333333334,105.13267433113356,Tuesday
2023-01-03 19:00:00,19,3,1,1,3,1,0,0,False,False,False,True,-0.9659258262890684,0.2588190451025203,0.7818314824680298,0.6234898018587336,0.49999999999999994,0.8660254037844387,19.708592321755027,388.4286113051412,0.0,0.0,50.03711151736746,3.996069469835466,39.58336380255941,0.5743140543734547,,,,,,,45.04666666666666,41.42666666666667,72.79333333333334,102.38208333333334,100.9707754934804,Tuesday
2023-01-03 20:00:00,20,3,1,1,3,1,0,0,False,False,False,True,-0.8660254037844386,0.5000000000000001,0.7818314824680298,0.6234898018587336,0.49999999999999994,0.8660254037844387,19.40585009140768,376.5870177701874,0.0,0.0,50.13016453382084,4.009963436928702,39.172394881170014,0.0,,,,,,,45.04666666666666,41.42666666666667,72.79333333333334,102.38208333333334,109.68644990532889,Tuesday
2023-01-03 21:00:00,21,3,1,1,3,1,0,0,False,False,False,True,-0.7071067811865477,0.7071067811865474,0.7818314824680298,0.6234898018587336,0.49999999999999994,0.8660254037844387,18.90255941499086,357.30675243725966,0.0,0.0,50.166270566727604,4.047440585009141,39.732541133455214,0.0,,,,,,,45.04666666666666,41.42666666666667,72.79333333333334,102.38208333333334,92.97946906122648,Tuesday
2023-01-03 22:00:00,22,3,1,1,3,1,0,0,False,False,False,True,-0.5000000000000004,0.8660254037844384,0.7818314824680298,0.6234898018587336,0.49999999999999994,0.8660254037844387,18.615904936014626,346.55191658673374,0.0,0.0,50.0827239488117,3.9554844606946986,40.726599634369286,0.0,,,,,,,45.04666666666666,41.42666666666667,72.79333333333334,102.38208333333334,96.72337853402232,Tuesday
2023-01-03 23:00:00,23,3,1,1,3,1,0,0,False,False,False,True,-0.25881904510252157,0.9659258262890681,0.7818314824680298,0.6234898018587336,0.49999999999999994,0.8660254037844387,18.059323583180987,326.13916828203696,0.44067641681901293,0.0,50.14689213893967,4.08034734917733,39.4900365630713,0.0,,,,,,,45.04666666666666,41.42666666666667,72.79333333333334,102.38208333333334,96.07891846867842,Tuesday
2023-01-04 00:00:00,0,4,1,2,4,1,0,0,True,False,False,False,0.0,1.0,0.9749279121818236,-0.22252093395631434,0.49999999999999994,0.8660254037844387,12.581826484018265,158.30235767394342,5.918173515981735,0.0,49.687031963470325,3.975433789954338,39.67607305936073,0.0,,,,,,,45.04666666666666,41.42666666666667,72.79333333333334,102.38208333333334,85.36485051867882,Wednesday
2023-01-04 01:00:00,1,4,1,2,4,1,0,0,True,False,False,False,0.25881904510252074,0.9659258262890683,0.9749279121818236,-0.22252093395631434,0.49999999999999994,0.8660254037844387,13.079616087751372,171.0763570029645,5.420383912248628,0.0,50.28299817184644,3.7221206581352835,38.987477148080444,0.0,,,,,,,45.04666666666666,41.42666666666667,72.79333333333334,102.38208333333334,102.96120277064576,Wednesday
2023-01-04 02:00:00,2,4,1,2,4,1,0,0,True,False,False,False,0.49999999999999994,0.8660254037844387,0.9749279121818236,-0.22252093395631434,0.49999999999999994,0.8660254037844387,13.742687385740401,188.86145658218834,4.7573126142595985,0.0,49.97842778793419,4.012065813528336,39.790127970749545,0.0,,,,,,,45.04666666666666,41.42666666666667,72.79333333333334,102.38208333333334,102.6105527217989,Wednesday
2023-01-04 03:00:00,3,4,1,2,4,1,0,0,True,False,False,False,0.7071067811865476,0.7071067811865476,0.9749279121818236,-0.22252093395631434,0.49999999999999994,0.8660254037844387,14.388299817184643,207.02317162919564,4.1117001828153565,0.0,50.02687385740402,3.946069469835466,38.764442413162705,0.0,,,,,,,45.04666666666666,41.42666666666667,72.79333333333334,102.38208333333334,100.05113456642461,Wednesday
2023-01-04 04:00:00,4,4,1,2,4,1,0,0,True,False,False,False,0.8660254037844386,0.5000000000000001,0.9749279121818236,-0.22252093395631434,0.49999999999999994,0.8660254037844387,15.004570383912249,225.13713240577658,3.495429616087751,0.0,50.05438756855576,3.9853747714808043,39.815904936014626,0.0,,,,,,,45.04666666666666,41.42666666666667,72.79333333333334,102.38208333333334,97.65412866624852,Wednesday
2023-01-04 05:00:00,5,4,1,2,4,1,0,0,True,False,False,False,0.9659258262890683,0.25881904510252074,0.9749279121818236,-0.22252093395631434,0.49999999999999994,0.8660254037844387,15.72020109689214,247.12472252672885,2.77979890310786,0.0,49.800274223034734,4.118372943327239,39.42257769652651,0.0,,,,,,,45.04666666666666,41.42666666666667,72.79333333333334,102.38208333333334,85.84629257949585,Wednesday
2023-01-04 06:00:00,6,4,1,2,4,1,0,0,True,False,False,False,1.0,6.123233995736766e-17,0.9749279121818236,-0.22252093395631434,0.49999999999999994,0.8660254037844387,16.22038391224863,263.10085426073414,2.2796160877513714,0.0,50.30082266910421,3.9629798903107862,39.37385740402194,0.0,,,,,,,45.04666666666666,41.42666666666667,72.79333333333334,102.38208333333334,95.79354677234642,Wednesday
2023-01-04 07:00:00,7,4,1,2,4,1,0,0,False,True,False,False,0.9659258262890683,-0.25881904510252063,0.9749279121818236,-0.22252093395631434,0.49999999999999994,0.8660254037844387,16.94725776965265,287.20954591105215,1.5527422303473486,0.0,50.081901279707495,3.9250457038391224,41.02879341864717,0.8048389205922587,,,,,,,45.04666666666666,41.42666666666667,72.79333333333334,102.38208333333334,96.57285483473231,Wednesday
2023-01-04 08:00:00,8,4,1,2,4,1,0,0,False,True,False,False,0.8660254037844387,-0.4999999999999998,0.9749279121818236,-0.22252093395631434,0.49999999999999994,0.8660254037844387,17.444606946983548,304.31431153474665,1.0553930530164521,0.0,50.00594149908592,3.9997257769652648,40.537202925045705,0.8048389205922587,,,,,,,45.04666666666666,41.42666666666667,72.79333333333334,102.38208333333334,91.9772273077838,Wednesday
2023-01-04 09:00:00,9,4,1,2,4,1,0,0,False,True,False,False,0.7071067811865476,-0.7071067811865475,0.9749279121818236,-0.22252093395631434,0.49999999999999994,0.8660254037844387,18.034826325411334,325.2549605877497,0.4651736745886659,0.0,50.04963436928702,4.090127970749544,39.992504570383915,0.8048389205922587,,,,,,,45.04666666666666,41.42666666666667,72.79333333333334,102.38208333333334,98.3871428833399,Wednesday
2023-01-04 10:00:00,10,4,1,2,4,1,0,0,False,True,False,False,0.49999999999999994,-0.8660254037844387,0.9749279121818236,-0.22252093395631434,0.49999999999999994,0.8660254037844387,18.517641681901278,342.9030534592876,0.0,0.0,49.97312614259598,3.959506398537477,39.907312614259595,0.9451161111430848,,,,,,,45.04666666666666,41.42666666666667,72.79333333333334,102.38208333333334,104.04050856814538,Wednesday
2023-01-04 11:00:00,11,4,1,2,4,1,0,0,False,True,False,False,0.258819045102521,-0.9659258262890682,0.9749279121818236,-0.22252093395631434,0.49999999999999994,0.8660254037844387,18.960603290676417,359.5044771464094,0.0,0.0,50.18062157221206,4.049725776965265,40.378427787934186,0.9451161111430848,,,,,,,45.04666666666666,41.42666666666667,72.79333333333334,102.38208333333334,118.8618590121053,Wednesday
2023-01-04 12:00:00,12,4,1,2,4,1,0,0,False,True,False,False,1.2246467991473532e-16,-1.0,0.9749279121818236,-0.22252093395631434,0.49999999999999994,0.8660254037844387,19.478610603290676,379.4162710346279,0.0,0.0,49.688117001828154,4.032998171846436,39.38391224862888,0.9451161111430848,,,,,,,45.04666666666666,41.42666666666667,72.79333333333334,102.38208333333334,101.74577812831839,Wednesday
2023-01-04 13:00:00,13,4,1,2,4,1,0,0,False,False,True,False,-0.2588190451025208,-0.9659258262890683,0.9749279121818236,-0.22252093395631434,0.49999999999999994,0.8660254037844387,19.641407678244974,385.7848955830206,0.0,0.0,50.01563071297989,4.16563071297989,39.48674588665448,0.9451161111430848,,,,,,,45.04666666666666,41.42666666666667,72.79333333333334,102.38208333333334,102.57550390722764,Wednesday
2023-01-04 14:00:00,14,4,1,2,4,1,0,0,False,False,True,False,-0.4999999999999997,-0.8660254037844388,0.9749279121818236,-0.22252093395631434,0.49999999999999994,0.8660254037844387,19.821023765996344,392.8729831321919,0.0,0.0,49.84515539305301,3.969744058500914,39.92175502742231,0.9451161111430848,,,,,,,45.04666666666666,41.42666666666667,72.79333333333334,102.38208333333334,99.25554084233833,Wednesday
2023-01-04 15:00:00,15,4,1,2,4,1,0,0,False,False,True,False,-0.7071067811865471,-0.7071067811865479,0.9749279121818236,-0.22252093395631434,0.49999999999999994,0.8660254037844387,19.940310786106032,397.61599424649654,0.0,0.0,50.10530164533821,3.9611517367458866,40.00338208409506,0.9451161111430848,,,,,,,45.04666666666666,41.42666666666667,72.79333333333334,102.38208333333334,80.81228784700959,Wednesday
2023-01-04 16:00:00,16,4,1,2,4,1,0,0,False,False,True,False,-0.8660254037844385,-0.5000000000000004,0.9749279121818236,-0.22252093395631434,0.49999999999999994,0.8660254037844387,20.030255941499085,401.2111530819594,0.0,0.0,49.85319926873858,3.913345521023766,38.209597806215726,0.9451161111430848,,,,,,,45.04666666666666,41.42666666666667,72.79333333333334,102.38208333333334,99.73486124550783,Wednesday
2023-01-04 17:00:00,17,4,1,2,4,1,0,0,False,False,True,False,-0.9659258262890683,-0.25881904510252063,0.9749279121818236,-0.22252093395631434,0.49999999999999994,0.8660254037844387,19.974405850091408,398.97688906416585,0.0,0.0,50.245612431444236,4.0772394881170015,40.199908592321755,0.5743140543734547,,,,,,,45.04666666666666,41.42666666666667,72.79333333333334,102.38208333333334,100.60230209941027,Wednesday
2023-01-04 18:00:00,18,4,1,2,4,1,0,0,False,False,True,False,-1.0,-1.8369701987210297e-16,0.9749279121818236,-0.22252093395631434,0.49999999999999994,0.8660254037844387,19.774954296160878,391.04881741525156,0.0,0.0,49.96782449725777,4.021115173674589,40.17230347349177,0.5743140543734547,,,,,,,45.04666666666666,41.42666666666667,72.79333333333334,102.38208333333334,124.63242112485287,Wednesday
2023-01-04 19:00:00,19,4,1,2,4,1,0,0,False,False,False,True,-0.9659258262890684,0.2588190451025203,0.9749279121818236,-0.22252093395631434,0.49999999999999994,0.8660254037844387,19.708592321755027,388.4286113051412,0.0,0.0,50.03711151736746,3.996069469835466,39.58336380255941,0.5743140543734547,,,,,,,45.04666666666666,41.42666666666667,72.79333333333334,102.38208333333334,98.07639035218878,Wednesday
2023-01-04 20:00:00,20,4,1,2,4,1,0,0,False,False,False,True,-0.8660254037844386,0.5000000000000001,0.9749279121818236,-0.22252093395631434,0.49999999999999994,0.8660254037844387,19.40585009140768,376.5870177701874,0.0,0.0,50.13016453382084,4.009963436928702,39.172394881170014,0.0,,,,,,,45.04666666666666,41.42666666666667,72.79333333333334,102.38208333333334,103.01547342333612,Wednesday
2023-01-04 21:00:00,21,4,1,2,4,1,0,0,False,False,False,True,-0.7071067811865477,0.7071067811865474,0.9749279121818236,-0.22252093395631434,0.49999999999999994,0.8660254037844387,18.90255941499086,357.30675243725966,0.0,0.0,50.166270566727604,4.047440585009141,39.732541133455214,0.0,,,,,,,45.04666666666666,41.42666666666667,72.79333333333334,102.38208333333334,99.65288230294756,Wednesday
2023-01-04 22:00:00,22,4,1,2,4,1,0,0,False,False,False,True,-0.5000000000000004,0.8660254037844384,0.9749279121818236,-0.22252093395631434,0.49999999999999994,0.8660254037844387,18.615904936014626,346.55191658673374,0.0,0.0,50.0827239488117,3.9554844606946986,40.726599634369286,0.0,,,,,,,45.04666666666666,41.42666666666667,72.79333333333334,102.38208333333334,88.31321962380468,Wednesday
2023-01-04 23:00:00,23,4,1,2,4,1,0,0,False,False,False,True,-0.25881904510252157,0.9659258262890681,0.9749279121818236,-0.22252093395631434,0.49999999999999994,0.8660254037844387,18.059323583180987,326.13916828203696,0.44067641681901293,0.0,50.14689213893967,4.08034734917733,39.4900365630713,0.0,,,,,,,45.04666666666666,41.42666666666667,72.79333333333334,102.38208333333334,111.4282281451502,Wednesday
2023-01-05 00:00:00,0,5,1,3,5,1,0,0,True,False,False,False,0.0,1.0,0.43388373911755823,-0.900968867902419,0.49999999999999994,0.8660254037844387,12.581826484018265,158.30235767394342,5.918173515981735,0.0,49.687031963470325,3.975433789954338,39.67607305936073,0.0,,,,,,,45.04666666666666,41.42666666666667,72.79333333333334,102.38208333333334,107.51933032686775,Thursday
2023-01-05 01:00:00,1,5,1,3,5,1,0,0,True,False,False,False,0.25881904510252074,0.9659258262890683,0.43388373911755823,-0.900968867902419,0.49999999999999994,0.8660254037844387,13.079616087751372,171.0763570029645,5.420383912248628,0.0,50.28299817184644,3.7221206581352835,38.987477148080444,0.0,,,,,,,45.04666666666666,41.42666666666667,72.79333333333334,102.38208333333334,107.91031947043047,Thursday
2023-01-05 02:00:00,2,5,1,3,5,1,0,0,True,False,False,False,0.49999999999999994,0.8660254037844387,0.43388373911755823,-0.900968867902419,0.49999999999999994,0.8660254037844387,13.742687385740401,188.86145658218834,4.7573126142595985,0.0,49.97842778793419,4.012065813528336,39.790127970749545,0.0,,,,,,,45.04666666666666,41.42666666666667,72.79333333333334,102.38208333333334,90.9061254520526,Thursday
2023-01-05 03:00:00,3,5,1,3,5,1,0,0,True,False,False,False,0.7071067811865476,0.7071067811865476,0.43388373911755823,-0.900968867902419,0.49999999999999994,0.8660254037844387,14.388299817184643,207.02317162919564,4.1117001828153565,0.0,50.02687385740402,3.946069469835466,38.764442413162705,0.0,,,,,,,45.04666666666666,41.42666666666667,72.79333333333334,102.38208333333334,114.02794310936099,Thursday
2023-01-05 04:00:00,4,5,1,3,5,1,0,0,True,False,False,False,0.8660254037844386,0.5000000000000001,0.43388373911755823,-0.900968867902419,0.49999999999999994,0.8660254037844387,15.004570383912249,225.13713240577658,3.495429616087751,0.0,50.05438756855576,3.9853747714808043,39.815904936014626,0.0,,,,,,,45.04666666666666,41.42666666666667,72.79333333333334,102.38208333333334,85.98148937207719,Thursday
2023-01-05 05:00:00,5,5,1,3,5,1,0,0,True,False,False,False,0.9659258262890683,0.25881904510252074,0.43388373911755823,-0.900968867902419,0.49999999999999994,0.8660254037844387,15.72020109689214,247.12472252672885,2.77979890310786,0.0,49.800274223034734,4.118372943327239,39.42257769652651,0.0,,,,,,,45.04666666666666,41.42666666666667,72.79333333333334,102.38208333333334,105.8685709380027,Thursday
2023-01-05 06:00:00,6,5,1,3,5,1,0,0,True,False,False,False,1.0,6.123233995736766e-17,0.43388373911755823,-0.900968867902419,0.49999999999999994,0.8660254037844387,16.22038391224863,263.10085426073414,2.2796160877513714,0.0,50.30082266910421,3.9629798903107862,39.37385740402194,0.0,,,,,,,45.04666666666666,41.42666666666667,72.79333333333334,102.38208333333334,121.90455625809979,Thursday
2023-01-05 07:00:00,7,5,1,3,5,1,0,0,False,True,False,False,0.9659258262890683,-0.25881904510252063,0.43388373911755823,-0.900968867902419,0.49999999999999994,0.8660254037844387,16.94725776965265,287.20954591105215,1.5527422303473486,0.0,50.081901279707495,3.9250457038391224,41.02879341864717,0.8048389205922587,,,,,,,45.04666666666666,41.42666666666667,72.79333333333334,102.38208333333334,90.09463674869312,Thursday
2023-01-05 08:00:00,8,5,1,3,5,1,0,0,False,True,False,False,0.8660254037844387,-0.4999999999999998,0.43388373911755823,-0.900968867902419,0.49999999999999994,0.8660254037844387,17.444606946983548,304.31431153474665,1.0553930530164521,0.0,50.00594149908592,3.9997257769652648,40.537202925045705,0.8048389205922587,,,,,,,45.04666666666666,41.42666666666667,72.79333333333334,102.38208333333334,94.33702270397228,Thursday
2023-01-05 09:00:00,9,5,1,3,5,1,0,0,False,True,False,False,0.7071067811865476,-0.7071067811865475,0.43388373911755823,-0.900968867902419,0.49999999999999994,0.8660254037844387,18.034826325411334,325.2549605877497,0.4651736745886659,0.0,50.04963436928702,4.090127970749544,39.992504570383915,0.8048389205922587,,,,,,,45.04666666666666,41.42666666666667,72.79333333333334,102.38208333333334,100.99651365087641,Thursday
2023-01-05 10:00:00,10,5,1,3,5,1,0,0,False,True,False,False,0.49999999999999994,-0.8660254037844387,0.43388373911755823,-0.900968867902419,0.49999999999999994,0.8660254037844387,18.517641681901278,342.9030534592876,0.0,0.0,49.97312614259598,3.959506398537477,39.907312614259595,0.9451161111430848,,,,,,,45.04666666666666,41.42666666666667,72.79333333333334,102.38208333333334,94.965243458838,Thursday
2023-01-05 11:00:00,11,5,1,3,5,1,0,0,False,True,False,False,0.258819045102521,-0.9659258262890682,0.43388373911755823,-0.900968867902419,0.49999999999999994,0.8660254037844387,18.960603290676417,359.5044771464094,0.0,0.0,50.18062157221206,4.049725776965265,40.378427787934186,0.9451161111430848,,,,,,,45.04666666666666,41.42666666666667,72.79333333333334,102.38208333333334,84.49336568933867,Thursday
2023-01-05 12:00:00,12,5,1,3,5,1,0,0,False,True,False,False,1.2246467991473532e-16,-1.0,0.43388373911755823,-0.900968867902419,0.49999999999999994,0.8660254037844387,19.478610603290676,379.4162710346279,0.0,0.0,49.688117001828154,4.032998171846436,39.38391224862888,0.9451161111430848,,,,,,,45.04666666666666,41.42666666666667,72.79333333333334,102.38208333333334,100.68562974806028,Thursday
2023-01-05 13:00:00,13,5,1,3,5,1,0,0,False,False,True,False,-0.2588190451025208,-0.9659258262890683,0.43388373911755823,-0.900968867902419,0.49999999999999994,0.8660254037844387,19.641407678244974,385.7848955830206,0.0,0.0,50.01563071297989,4.16563071297989,39.48674588665448,0.9451161111430848,,,,,,,45.04666666666666,41.42666666666667,72.79333333333334,102.38208333333334,89.37696286273895,Thursday
2023-01-05 14:00:00,14,5,1,3,5,1,0,0,False,False,True,False,-0.4999999999999997,-0.8660254037844388,0.43388373911755823,-0.900968867902419,0.49999999999999994,0.8660254037844387,19.821023765996344,392.8729831321919,0.0,0.0,49.84515539305301,3.969744058500914,39.92175502742231,0.9451161111430848,,,,,,,45.04666666666666,41.42666666666667,72.79333333333334,102.38208333333334,104.73592430635182,Thursday
2023-01-05 15:00:00,15,5,1,3,5,1,0,0,False,False,True,False,-0.7071067811865471,-0.7071067811865479,0.43388373911755823,-0.900968867902419,0.49999999999999994,0.8660254037844387,19.940310786106032,397.61599424649654,0.0,0.0,50.10530164533821,3.9611517367458866,40.00338208409506,0.9451161111430848,,,,,,,45.04666666666666,41.42666666666667,72.79333333333334,102.38208333333334,90.80575765766197,Thursday
2023-01-05 16:00:00,16,5,1,3,5,1,0,0,False,False,True,False,-0.8660254037844385,-0.5000000000000004,0.43388373911755823,-0.900968867902419,0.49999999999999994,0.8660254037844387,20.030255941499085,401.2111530819594,0.0,0.0,49.85319926873858,3.913345521023766,38.209597806215726,0.9451161111430848,,,,,,,45.04666666666666,41.42666666666667,72.79333333333334,102.38208333333334,115.4993440501754,Thursday
2023-01-05 17:00:00,17,5,1,3,5,1,0,0,False,False,True,False,-0.9659258262890683,-0.25881904510252063,0.43388373911755823,-0.900968867902419,0.49999999999999994,0.8660254037844387,19.974405850091408,398.97688906416585,0.0,0.0,50.245612431444236,4.0772394881170015,40.199908592321755,0.5743140543734547,,,,,,,45.04666666666666,41.42666666666667,72.79333333333334,102.38208333333334,92.16746707663764,Thursday
2023-01-05 18:00:00,18,5,1,3,5,1,0,0,False,False,True,False,-1.0,-1.8369701987210297e-16,0.43388373911755823,-0.900968867902419,0.49999999999999994,0.8660254037844387,19.774954296160878,391.04881741525156,0.0,0.0,49.96782449725777,4.021115173674589,40.17230347349177,0.5743140543734547,,,,,,,45.04666666666666,41.42666666666667,72.79333333333334,102.38208333333334,96.77938483794324,Thursday
2023-01-05 19:00:00,19,5,1,3,5,1,0,0,False,False,False,True,-0.9659258262890684,0.2588190451025203,0.43388373911755823,-0.900968867902419,0.49999999999999994,0.8660254037844387,19.708592321755027,388.4286113051412,0.0,0.0,50.03711151736746,3.996069469835466,39.58336380255941,0.5743140543734547,,,,,,,45.04666666666666,41.42666666666667,72.79333333333334,102.38208333333334,108.1351721736967,Thursday
2023-01-05 20:00:00,20,5,1,3,5,1,0,0,False,False,False,True,-0.8660254037844386,0.5000000000000001,0.43388373911755823,-0.900968867902419,0.49999999999999994,0.8660254037844387,19.40585009140768,376.5870177701874,0.0,0.0,50.13016453382084,4.009963436928702,39.172394881170014,0.0,,,,,,,45.04666666666666,41.42666666666667,72.79333333333334,102.38208333333334,87.69135683566044,Thursday
2023-01-05 21:00:00,21,5,1,3,5,1,0,0,False,False,False,True,-0.7071067811865477,0.7071067811865474,0.43388373911755823,-0.900968867902419,0.49999999999999994,0.8660254037844387,18.90255941499086,357.30675243725966,0.0,0.0,50.166270566727604,4.047440585009141,39.732541133455214,0.0,,,,,,,45.04666666666666,41.42666666666667,72.79333333333334,102.38208333333334,102.2745993460413,Thursday
2023-01-05 22:00:00,22,5,1,3,5,1,0,0,False,False,False,True,-0.5000000000000004,0.8660254037844384,0.43388373911755823,-0.900968867902419,0.49999999999999994,0.8660254037844387,18.615904936014626,346.55191658673374,0.0,0.0,50.0827239488117,3.9554844606946986,40.726599634369286,0.0,,,,,,,45.04666666666666,41.42666666666667,72.79333333333334,102.38208333333334,113.07142754282428,Thursday
2023-01-05 23:00:00,23,5,1,3,5,1,0,0,False,False,False,True,-0.25881904510252157,0.9659258262890681,0.43388373911755823,-0.900968867902419,0.49999999999999994,0.8660254037844387,18.059323583180987,326.13916828203696,0.44067641681901293,0.0,50.14689213893967,4.08034734917733,39.4900365630713,0.0,,,,,,,45.04666666666666,41.42666666666667,72.79333333333334,102.38208333333334,83.92516765438772,Thursday
2023-01-06 00:00:00,0,6,1,4,6,1,0,0,True,False,False,False,0.0,1.0,-0.433883739117558,-0.9009688679024191,0.49999999999999994,0.8660254037844387,12.581826484018265,158.30235767394342,5.918173515981735,0.0,49.687031963470325,3.975433789954338,39.67607305936073,0.0,,,,,,,45.04666666666666,41.42666666666667,72.79333333333334,102.38208333333334,101.84633858532304,Friday
2023-01-06 01:00:00,1,6,1,4,6,1,0,0,True,False,False,False,0.25881904510252074,0.9659258262890683,-0.433883739117558,-0.9009688679024191,0.49999999999999994,0.8660254037844387,13.079616087751372,171.0763570029645,5.420383912248628,0.0,50.28299817184644,3.7221206581352835,38.987477148080444,0.0,,,,,,,45.04666666666666,41.42666666666667,72.79333333333334,102.38208333333334,102.59882794248423,Friday
2023-01-06 02:00:00,2,6,1,4,6,1,0,0,True,False,False,False,0.49999999999999994,0.8660254037844387,-0.433883739117558,-0.9009688679024191,0.49999999999999994,0.8660254037844387,13.742687385740401,188.86145658218834,4.7573126142595985,0.0,49.97842778793419,4.012065813528336,39.790127970749545,0.0,,,,,,,45.04666666666666,41.42666666666667,72.79333333333334,102.38208333333334,107.81822871777311,Friday
2023-01-06 03:00:00,3,6,1,4,6,1,0,0,True,False,False,False,0.7071067811865476,0.7071067811865476,-0.433883739117558,-0.9009688679024191,0.49999999999999994,0.8660254037844387,14.388299817184643,207.02317162919564,4.1117001828153565,0.0,50.02687385740402,3.946069469835466,38.764442413162705,0.0,,,,,,,45.04666666666666,41.42666666666667,72.79333333333334,102.38208333333334,87.63049289121918,Friday
2023-01-06 04:00:00,4,6,1,4,6,1,0,0,True,False,False,False,0.8660254037844386,0.5000000000000001,-0.433883739117558,-0.9009688679024191,0.49999999999999994,0.8660254037844387,15.004570383912249,225.13713240577658,3.495429616087751,0.0,50.05438756855576,3.9853747714808043,39.815904936014626,0.0,,,,,,,45.04666666666666,41.42666666666667,72.79333333333334,102.38208333333334,86.79543386915724,Friday
2023-01-06 05:00:00,5,6,1,4,6,1,0,0,True,False,False,False,0.9659258262890683,0.25881904510252074,-0.433883739117558,-0.9009688679024191,0.49999999999999994,0.8660254037844387,15.72020109689214,247.12472252672885,2.77979890310786,0.0,49.800274223034734,4.118372943327239,39.42257769652651,0.0,,,,,,,45.04666666666666,41.42666666666667,72.79333333333334,102.38208333333334,105.21941565616898,Friday
2023-01-06 06:00:00,6,6,1,4,6,1,0,0,True,False,False,False,1.0,6.123233995736766e-17,-0.433883739117558,-0.9009688679024191,0.49999999999999994,0.8660254037844387,16.22038391224863,263.10085426073414,2.2796160877513714,0.0,50.30082266910421,3.9629798903107862,39.37385740402194,0.0,,,,,,,45.04666666666666,41.42666666666667,72.79333333333334,102.38208333333334,102.96984673233186,Friday
2023-01-06 07:00:00,7,6,1,4,6,1,0,0,False,True,False,False,0.9659258262890683,-0.25881904510252063,-0.433883739117558,-0.9009688679024191,0.49999999999999994,0.8660254037844387,16.94725776965265,287.20954591105215,1.5527422303473486,0.0,50.081901279707495,3.9250457038391224,41.02879341864717,0.8048389205922587,,,,,,,45.04666666666666,41.42666666666667,72.79333333333334,102.38208333333334,102.50492850345877,Friday
2023-01-06 08:00:00,8,6,1,4,6,1,0,0,False,True,False,False,0.8660254037844387,-0.4999999999999998,-0.433883739117558,-0.9009688679024191,0.49999999999999994,0.8660254037844387,17.444606946983548,304.31431153474665,1.0553930530164521,0.0,50.00594149908592,3.9997257769652648,40.537202925045705,0.8048389205922587,,,,,,,45.04666666666666,41.42666666666667,72.79333333333334,102.38208333333334,103.46448209496975,Friday
2023-01-06 09:00:00,9,6,1,4,6,1,0,0,False,True,False,False,0.7071067811865476,-0.7071067811865475,-0.433883739117558,-0.9009688679024191,0.49999999999999994,0.8660254037844387,18.034826325411334,325.2549605877497,0.4651736745886659,0.0,50.04963436928702,4.090127970749544,39.992504570383915,0.8048389205922587,,,,,,,45.04666666666666,41.42666666666667,72.79333333333334,102.38208333333334,93.1997527842151,Friday
2023-01-06 10:00:00,10,6,1,4,6,1,0,0,False,True,False,False,0.49999999999999994,-0.8660254037844387,-0.433883739117558,-0.9009688679024191,0.49999999999999994,0.8660254037844387,18.517641681901278,342.9030534592876,0.0,0.0,49.97312614259598,3.959506398537477,39.907312614259595,0.9451161111430848,,,,,,,45.04666666666666,41.42666666666667,72.79333333333334,102.38208333333334,102.32253697161003,Friday
2023-01-06 11:00:00,11,6,1,4,6,1,0,0,False,True,False,False,0.258819045102521,-0.9659258262890682,-0.433883739117558,-0.9009688679024191,0.49999999999999994,0.8660254037844387,18.960603290676417,359.5044771464094,0.0,0.0,50.18062157221206,4.049725776965265,40.378427787934186,0.9451161111430848,,,,,,,45.04666666666666,41.42666666666667,72.79333333333334,102.38208333333334,102.93072473298682,Friday
2023-01-06 12:00:00,12,6,1,4,6,1,0,0,False,True,False,False,1.2246467991473532e-16,-1.0,-0.433883739117558,-0.9009688679024191,0.49999999999999994,0.8660254037844387,19.478610603290676,379.4162710346279,0.0,0.0,49.688117001828154,4.032998171846436,39.38391224862888,0.9451161111430848,,,,,,,45.04666666666666,41.42666666666667,72.79333333333334,102.38208333333334,92.85648581973632,Friday
2023-01-06 13:00:00,13,6,1,4,6,1,0,0,False,False,True,False,-0.2588190451025208,-0.9659258262890683,-0.433883739117558,-0.9009688679024191,0.49999999999999994,0.8660254037844387,19.641407678244974,385.7848955830206,0.0,0.0,50.01563071297989,4.16563071297989,39.48674588665448,0.9451161111430848,,,,,,,45.04666666666666,41.42666666666667,72.79333333333334,102.38208333333334,118.65774511144757,Friday
2023-01-06 14:00:00,14,6,1,4,6,1,0,0,False,False,True,False,-0.4999999999999997,-0.8660254037844388,-0.433883739117558,-0.9009688679024191,0.49999999999999994,0.8660254037844387,19.821023765996344,392.8729831321919,0.0,0.0,49.84515539305301,3.969744058500914,39.92175502742231,0.9451161111430848,,,,,,,45.04666666666666,41.42666666666667,72.79333333333334,102.38208333333334,104.73832920911788,Friday
2023-01-06 15:00:00,15,6,1,4,6,1,0,0,False,False,True,False,-0.7071067811865471,-0.7071067811865479,-0.433883739117558,-0.9009688679024191,0.49999999999999994,0.8660254037844387,19.940310786106032,397.61599424649654,0.0,0.0,50.10530164533821,3.9611517367458866,40.00338208409506,0.9451161111430848,,,,,,,45.04666666666666,41.42666666666667,72.79333333333334,102.38208333333334,88.08696502797352,Friday
2023-01-06 16:00:00,16,6,1,4,6,1,0,0,False,False,True,False,-0.8660254037844385,-0.5000000000000004,-0.433883739117558,-0.9009688679024191,0.49999999999999994,0.8660254037844387,20.030255941499085,401.2111530819594,0.0,0.0,49.85319926873858,3.913345521023766,38.209597806215726,0.9451161111430848,,,,,,,45.04666666666666,41.42666666666667,72.79333333333334,102.38208333333334,106.5655360863383,Friday
2023-01-06 17:00:00,17,6,1,4,6,1,0,0,False,False,True,False,-0.9659258262890683,-0.25881904510252063,-0.433883739117558,-0.9009688679024191,0.49999999999999994,0.8660254037844387,19.974405850091408,398.97688906416585,0.0,0.0,50.245612431444236,4.0772394881170015,40.199908592321755,0.5743140543734547,,,,,,,45.04666666666666,41.42666666666667,72.79333333333334,102.38208333333334,90.25318329772679,Friday
2023-01-06 18:00:00,18,6,1,4,6,1,0,0,False,False,True,False,-1.0,-1.8369701987210297e-16,-0.433883739117558,-0.9009688679024191,0.49999999999999994,0.8660254037844387,19.774954296160878,391.04881741525156,0.0,0.0,49.96782449725777,4.021115173674589,40.17230347349177,0.5743140543734547,,,,,,,45.04666666666666,41.42666666666667,72.79333333333334,102.38208333333334,107.87084603742451,Friday
2023-01-06 19:00:00,19,6,1,4,6,1,0,0,False,False,False,True,-0.9659258262890684,0.2588190451025203,-0.433883739117558,-0.9009688679024191,0.49999999999999994,0.8660254037844387,19.708592321755027,388.4286113051412,0.0,0.0,50.03711151736746,3.996069469835466,39.58336380255941,0.5743140543734547,,,,,,,45.04666666666666,41.42666666666667,72.79333333333334,102.38208333333334,111.58595579007404,Friday
2023-01-06 20:00:00,20,6,1,4,6,1,0,0,False,False,False,True,-0.8660254037844386,0.5000000000000001,-0.433883739117558,-0.9009688679024191,0.49999999999999994,0.8660254037844387,19.40585009140768,376.5870177701874,0.0,0.0,50.13016453382084,4.009963436928702,39.172394881170014,0.0,,,,,,,45.04666666666666,41.42666666666667,72.79333333333334,102.38208333333334,91.7931768164829,Friday
2023-01-06 21:00:00,21,6,1,4,6,1,0,0,False,False,False,True,-0.7071067811865477,0.7071067811865474,-0.433883739117558,-0.9009688679024191,0.49999999999999994,0.8660254037844387,18.90255941499086,357.30675243725966,0.0,0.0,50.166270566727604,4.047440585009141,39.732541133455214,0.0,,,,,,,45.04666666666666,41.42666666666667,72.79333333333334,102.38208333333334,109.63376129244321,Friday
2023-01-06 22:00:00,22,6,1,4,6,1,0,0,False,False,False,True,-0.5000000000000004,0.8660254037844384,-0.433883739117558,-0.9009688679024191,0.49999999999999994,0.8660254037844387,18.615904936014626,346.55191658673374,0.0,0.0,50.0827239488117,3.9554844606946986,40.726599634369286,0.0,,,,,,,45.04666666666666,41.42666666666667,72.79333333333334,102.38208333333334,104.12780926936499,Friday
2023-01-06 23:00:00,23,6,1,4,6,1,0,0,False,False,False,True,-0.25881904510252157,0.9659258262890681,-0.433883739117558,-0.9009688679024191,0.49999999999999994,0.8660254037844387,18.059323583180987,326.13916828203696,0.44067641681901293,0.0,50.14689213893967,4.08034734917733,39.4900365630713,0.0,,,,,,,45.04666666666666,41.42666666666667,72.79333333333334,102.38208333333334,108.2206015999449,Friday
2023-01-07 00:00:00,0,7,1,5,7,1,1,0,True,False,False,False,0.0,1.0,-0.9749279121818236,-0.2225209339563146,0.49999999999999994,0.8660254037844387,12.581826484018265,158.30235767394342,5.918173515981735,0.0,49.687031963470325,3.975433789954338,39.67607305936073,0.0,,,,,,,45.04666666666666,41.42666666666667,72.79333333333334,102.38208333333334,118.96792982653947,Saturday
